keyword,General,Specific
climate change,Chapter_2_keywords Chapter_3_keywords,Chapter_1_keywords
IPCC,Chapter_2_keywords Chapter_3_keywords,Chapter_1_keywords
CMIP6,Chapter_1_keywords Chapter_2_keywords,Chapter_3_keywords
AR5,Chapter_1_keywords Chapter_2_keywords Chapter_3_keywords,
Geoscientific Model Development,Chapter_2_keywords Chapter_3_keywords,Chapter_1_keywords
radiative forcing,Chapter_2_keywords Chapter_3_keywords,Chapter_1_keywords
uncertainty,Chapter_2_keywords Chapter_3_keywords,Chapter_1_keywords
United Kingdom,Chapter_3_keywords,Chapter_1_keywords Chapter_2_keywords
climate models,Chapter_2_keywords,Chapter_1_keywords Chapter_3_keywords
American Meteorological Society,Chapter_3_keywords,Chapter_1_keywords Chapter_2_keywords
Cambridge University Press,Chapter_2_keywords Chapter_3_keywords,Chapter_1_keywords
AR6,Chapter_2_keywords Chapter_3_keywords,Chapter_1_keywords
global warming,Chapter_2_keywords Chapter_3_keywords,Chapter_1_keywords
climate system,Chapter_2_keywords Chapter_3_keywords,Chapter_1_keywords
Climate Dynamics,Chapter_1_keywords Chapter_2_keywords,Chapter_3_keywords
Intergovernmental Panel on Climate Change,Chapter_2_keywords Chapter_3_keywords,Chapter_1_keywords
medium confidence,Chapter_1_keywords Chapter_3_keywords,Chapter_2_keywords
CO2 emissions,Chapter_2_keywords Chapter_3_keywords,Chapter_1_keywords
sea level rise,Chapter_2_keywords Chapter_3_keywords,Chapter_1_keywords
National Academy of Sciences,Chapter_1_keywords Chapter_3_keywords,Chapter_2_keywords
adaptation,Chapter_2_keywords Chapter_3_keywords,Chapter_1_keywords
aerosols,Chapter_2_keywords,Chapter_1_keywords Chapter_3_keywords
precipitation,Chapter_1_keywords Chapter_2_keywords,Chapter_3_keywords
WGI,Chapter_2_keywords Chapter_3_keywords,Chapter_1_keywords
Paris Agreement,Chapter_2_keywords Chapter_3_keywords,Chapter_1_keywords
CMIP5,Chapter_1_keywords Chapter_2_keywords,Chapter_3_keywords
Working Group I,Chapter_2_keywords Chapter_3_keywords,Chapter_1_keywords
Climate Change,Chapter_2_keywords Chapter_3_keywords,Chapter_1_keywords
GMST,Chapter_1_keywords Chapter_3_keywords,Chapter_2_keywords
UNFCCC,Chapter_2_keywords Chapter_3_keywords,Chapter_1_keywords
observations,Chapter_1_keywords Chapter_2_keywords,Chapter_3_keywords
global surface temperature,Chapter_2_keywords Chapter_3_keywords,Chapter_1_keywords
data sources,Chapter_1_keywords,Chapter_2_keywords Chapter_3_keywords
greenhouse gases,Chapter_1_keywords Chapter_2_keywords,Chapter_3_keywords
human activities,Chapter_2_keywords Chapter_3_keywords,Chapter_1_keywords
GMSL,Chapter_1_keywords Chapter_3_keywords,Chapter_2_keywords
SSP scenarios,Chapter_2_keywords Chapter_3_keywords,Chapter_1_keywords
GHG emissions,Chapter_2_keywords Chapter_3_keywords,Chapter_1_keywords
GSAT,Chapter_1_keywords,Chapter_2_keywords Chapter_3_keywords
chapter data table,Chapter_1_keywords Chapter_3_keywords,Chapter_2_keywords
uncertainties,Chapter_1_keywords Chapter_3_keywords,Chapter_2_keywords
climate projections,Chapter_2_keywords Chapter_3_keywords,Chapter_1_keywords
radiative forcings,Chapter_2_keywords Chapter_3_keywords,Chapter_1_keywords
Earth system models,Chapter_2_keywords,Chapter_1_keywords Chapter_3_keywords
attribution,Chapter_1_keywords Chapter_2_keywords,Chapter_3_keywords
temperature,Chapter_2_keywords Chapter_3_keywords,Chapter_1_keywords
CMIP,Chapter_2_keywords Chapter_3_keywords,Chapter_1_keywords
ERA5,Chapter_2_keywords Chapter_3_keywords,Chapter_1_keywords
Assessment Report,Chapter_2_keywords Chapter_3_keywords,Chapter_1_keywords
Royal Meteorological Society,Chapter_2_keywords Chapter_3_keywords,Chapter_1_keywords
modelling,Chapter_2_keywords,Chapter_1_keywords Chapter_3_keywords
confidence,Chapter_3_keywords,Chapter_1_keywords Chapter_2_keywords
internal variability,Chapter_1_keywords Chapter_2_keywords,Chapter_3_keywords
climate sensitivity,Chapter_2_keywords Chapter_3_keywords,Chapter_1_keywords
volcanic eruptions,Chapter_2_keywords,Chapter_1_keywords Chapter_3_keywords
human influence,Chapter_1_keywords Chapter_2_keywords,Chapter_3_keywords
WMO,Chapter_2_keywords Chapter_3_keywords,Chapter_1_keywords
ipcc,Chapter_2_keywords Chapter_3_keywords,Chapter_1_keywords
Physical Science Basis,Chapter_2_keywords Chapter_3_keywords,Chapter_1_keywords
sea level,Chapter_2_keywords Chapter_3_keywords,Chapter_1_keywords
Coupled Model Intercomparison Project,Chapter_2_keywords Chapter_3_keywords,Chapter_1_keywords
Working Groups,Chapter_2_keywords Chapter_3_keywords,Chapter_1_keywords
global surface air temperature,Chapter_2_keywords Chapter_3_keywords,Chapter_1_keywords
methane,Chapter_2_keywords Chapter_3_keywords,Chapter_1_keywords
Antarctica,Chapter_1_keywords Chapter_3_keywords,Chapter_2_keywords
global mean temperature,Chapter_2_keywords Chapter_3_keywords,Chapter_1_keywords
cumulative CO2 emissions,Chapter_2_keywords Chapter_3_keywords,Chapter_1_keywords
B,Chapter_2_keywords Chapter_3_keywords,Chapter_1_keywords
Earth Systems,Chapter_1_keywords Chapter_2_keywords,Chapter_3_keywords
Global Environmental Change,Chapter_2_keywords Chapter_3_keywords,Chapter_1_keywords
history,Chapter_2_keywords Chapter_3_keywords,Chapter_1_keywords
climate science,Chapter_2_keywords Chapter_3_keywords,Chapter_1_keywords
global stocktake,Chapter_2_keywords Chapter_3_keywords,Chapter_1_keywords
climate change mitigation,Chapter_2_keywords Chapter_3_keywords,Chapter_1_keywords
anthropogenic climate change,Chapter_2_keywords Chapter_3_keywords,Chapter_1_keywords
risk assessment,Chapter_2_keywords Chapter_3_keywords,Chapter_1_keywords
SSP,Chapter_2_keywords Chapter_3_keywords,Chapter_1_keywords
GHGs,Chapter_2_keywords Chapter_3_keywords,Chapter_1_keywords
carbon cycle,Chapter_2_keywords Chapter_3_keywords,Chapter_1_keywords
land use,Chapter_3_keywords,Chapter_1_keywords Chapter_2_keywords
ESMs,Chapter_2_keywords Chapter_3_keywords,Chapter_1_keywords
Earth System Dynamics,Chapter_2_keywords Chapter_3_keywords,Chapter_1_keywords
Climatic Change,Chapter_2_keywords Chapter_3_keywords,Chapter_1_keywords
Australia,Chapter_1_keywords Chapter_3_keywords,Chapter_2_keywords
anthropogenic emissions,Chapter_2_keywords Chapter_3_keywords,Chapter_1_keywords
climate extremes,Chapter_2_keywords Chapter_3_keywords,Chapter_1_keywords
resolution,Chapter_2_keywords Chapter_3_keywords,Chapter_1_keywords
extreme events,Chapter_2_keywords Chapter_3_keywords,Chapter_1_keywords
EMICs,Chapter_2_keywords Chapter_3_keywords,Chapter_1_keywords
Remote Sensing,Chapter_1_keywords Chapter_3_keywords,Chapter_2_keywords
Earth System Science Data,Chapter_1_keywords Chapter_3_keywords,Chapter_2_keywords
climate model simulations,Chapter_2_keywords Chapter_3_keywords,Chapter_1_keywords
carbon budget,Chapter_2_keywords Chapter_3_keywords,Chapter_1_keywords
emissions scenarios,Chapter_2_keywords Chapter_3_keywords,Chapter_1_keywords
cumulative carbon emissions,Chapter_2_keywords Chapter_3_keywords,Chapter_1_keywords
Northern Hemisphere,Chapter_1_keywords Chapter_2_keywords,Chapter_3_keywords
biodiversity,Chapter_2_keywords Chapter_3_keywords,Chapter_1_keywords
Interactive Atlas,Chapter_2_keywords Chapter_3_keywords,Chapter_1_keywords
World Meteorological Organization,Chapter_2_keywords Chapter_3_keywords,Chapter_1_keywords
climate,Chapter_2_keywords Chapter_3_keywords,Chapter_1_keywords
global warming levels,Chapter_2_keywords Chapter_3_keywords,Chapter_1_keywords
anthropogenic forcing,Chapter_1_keywords Chapter_2_keywords,Chapter_3_keywords
climate information,Chapter_2_keywords Chapter_3_keywords,Chapter_1_keywords
CORDEX,Chapter_2_keywords Chapter_3_keywords,Chapter_1_keywords
regional climate information,Chapter_2_keywords Chapter_3_keywords,Chapter_1_keywords
ice sheets,Chapter_2_keywords Chapter_3_keywords,Chapter_1_keywords
nitrous oxide,Chapter_2_keywords Chapter_3_keywords,Chapter_1_keywords
Greenland,Chapter_1_keywords Chapter_3_keywords,Chapter_2_keywords
ocean warming,Chapter_2_keywords Chapter_3_keywords,Chapter_1_keywords
CO2 concentrations,Chapter_2_keywords Chapter_3_keywords,Chapter_1_keywords
SSPs,Chapter_2_keywords Chapter_3_keywords,Chapter_1_keywords
Last Glacial Maximum,Chapter_1_keywords Chapter_3_keywords,Chapter_2_keywords
transient climate response,Chapter_2_keywords Chapter_3_keywords,Chapter_1_keywords
deep uncertainty,Chapter_2_keywords Chapter_3_keywords,Chapter_1_keywords
Atlas,Chapter_2_keywords Chapter_3_keywords,Chapter_1_keywords
United States of America,Chapter_1_keywords Chapter_3_keywords,Chapter_2_keywords
China,Chapter_1_keywords Chapter_3_keywords,Chapter_2_keywords
IPCC assessments,Chapter_2_keywords Chapter_3_keywords,Chapter_1_keywords
ocean heat content,Chapter_1_keywords Chapter_2_keywords,Chapter_3_keywords
natural variations,Chapter_2_keywords Chapter_3_keywords,Chapter_1_keywords
AR6 WGI,Chapter_2_keywords Chapter_3_keywords,Chapter_1_keywords
cryosphere,Chapter_2_keywords Chapter_3_keywords,Chapter_1_keywords
risk management,Chapter_2_keywords Chapter_3_keywords,Chapter_1_keywords
reanalyses,Chapter_3_keywords,Chapter_1_keywords Chapter_2_keywords
global mean surface temperature,Chapter_2_keywords Chapter_3_keywords,Chapter_1_keywords
global mean sea level,Chapter_2_keywords Chapter_3_keywords,Chapter_1_keywords
sustainable development,Chapter_2_keywords Chapter_3_keywords,Chapter_1_keywords
global temperature,Chapter_2_keywords Chapter_3_keywords,Chapter_1_keywords
ocean acidification,Chapter_2_keywords Chapter_3_keywords,Chapter_1_keywords
equilibrium climate sensitivity,Chapter_2_keywords Chapter_3_keywords,Chapter_1_keywords
climate services,Chapter_2_keywords Chapter_3_keywords,Chapter_1_keywords
extreme weather events,Chapter_2_keywords Chapter_3_keywords,Chapter_1_keywords
Europe,Chapter_1_keywords Chapter_3_keywords,Chapter_2_keywords
ocean reanalyses,Chapter_2_keywords Chapter_3_keywords,Chapter_1_keywords
Climate Models,Chapter_1_keywords Chapter_2_keywords,Chapter_3_keywords
RCPs,Chapter_2_keywords Chapter_3_keywords,Chapter_1_keywords
UNEP,Chapter_2_keywords Chapter_3_keywords,Chapter_1_keywords
Royal Society,Chapter_3_keywords,Chapter_1_keywords Chapter_2_keywords
IPCC Fifth Assessment Report,Chapter_2_keywords Chapter_3_keywords,Chapter_1_keywords
vulnerability,Chapter_2_keywords Chapter_3_keywords,Chapter_1_keywords
sea ice,Chapter_1_keywords Chapter_3_keywords,Chapter_2_keywords
Atlantic Meridional Overturning Circulation,Chapter_1_keywords Chapter_2_keywords,Chapter_3_keywords
tropical cyclones,Chapter_2_keywords Chapter_3_keywords,Chapter_1_keywords
aerosol emissions,Chapter_2_keywords Chapter_3_keywords,Chapter_1_keywords
climate model,Chapter_2_keywords Chapter_3_keywords,Chapter_1_keywords
GCMs,Chapter_2_keywords Chapter_3_keywords,Chapter_1_keywords
ECS,Chapter_2_keywords Chapter_3_keywords,Chapter_1_keywords
GCM,Chapter_2_keywords Chapter_3_keywords,Chapter_1_keywords
GHG concentrations,Chapter_2_keywords Chapter_3_keywords,Chapter_1_keywords
AMOC,Chapter_1_keywords,Chapter_2_keywords Chapter_3_keywords
clouds,Chapter_2_keywords Chapter_3_keywords,Chapter_1_keywords
Fifth Assessment Report,Chapter_2_keywords Chapter_3_keywords,Chapter_1_keywords
Canada,Chapter_1_keywords Chapter_3_keywords,Chapter_2_keywords
paleoclimate archives,Chapter_2_keywords Chapter_3_keywords,Chapter_1_keywords
WGI Assessment,Chapter_2_keywords Chapter_3_keywords,Chapter_1_keywords
reanalysis,Chapter_1_keywords Chapter_3_keywords,Chapter_2_keywords
Attribution,Chapter_2_keywords Chapter_3_keywords,Chapter_1_keywords
high confidence,Chapter_1_keywords Chapter_3_keywords,Chapter_2_keywords
water cycle,Chapter_2_keywords,Chapter_1_keywords Chapter_3_keywords
droughts,Chapter_2_keywords Chapter_3_keywords,Chapter_1_keywords
process understanding,Chapter_2_keywords Chapter_3_keywords,Chapter_1_keywords
Arctic,Chapter_1_keywords Chapter_3_keywords,Chapter_2_keywords
Global Warming,Chapter_3_keywords,Chapter_1_keywords Chapter_2_keywords
SLCFs,Chapter_2_keywords Chapter_3_keywords,Chapter_1_keywords
ecosystems,Chapter_3_keywords,Chapter_1_keywords Chapter_2_keywords
ecosystem services,Chapter_2_keywords Chapter_3_keywords,Chapter_1_keywords
Montreal Protocol,Chapter_2_keywords Chapter_3_keywords,Chapter_1_keywords
carbon budgets,Chapter_1_keywords Chapter_3_keywords,Chapter_2_keywords
climate model projections,Chapter_2_keywords Chapter_3_keywords,Chapter_1_keywords
climate policy,Chapter_2_keywords Chapter_3_keywords,Chapter_1_keywords
water vapour,Chapter_2_keywords Chapter_3_keywords,Chapter_1_keywords
Antarctic ice sheets,Chapter_2_keywords Chapter_3_keywords,Chapter_1_keywords
climate variability,Chapter_1_keywords Chapter_3_keywords,Chapter_2_keywords
Aerosols,Chapter_2_keywords Chapter_3_keywords,Chapter_1_keywords
agriculture,Chapter_2_keywords Chapter_3_keywords,Chapter_1_keywords
climate simulations,Chapter_2_keywords,Chapter_1_keywords Chapter_3_keywords
climate modelling,Chapter_2_keywords Chapter_3_keywords,Chapter_1_keywords
RCP scenarios,Chapter_2_keywords Chapter_3_keywords,Chapter_1_keywords
thermohaline circulation,Chapter_2_keywords Chapter_3_keywords,Chapter_1_keywords
regional climate change,Chapter_2_keywords Chapter_3_keywords,Chapter_1_keywords
Working Group II,Chapter_2_keywords Chapter_3_keywords,Chapter_1_keywords
Atmospheric Measurement Techniques,Chapter_3_keywords,Chapter_1_keywords Chapter_2_keywords
Oxford University Press,Chapter_2_keywords Chapter_3_keywords,Chapter_1_keywords
Carbon Dioxide,Chapter_2_keywords Chapter_3_keywords,Chapter_1_keywords
Clim,Chapter_2_keywords Chapter_3_keywords,Chapter_1_keywords
Framing,Chapter_2_keywords Chapter_3_keywords,Chapter_1_keywords
greenhouse gas emissions,Chapter_2_keywords Chapter_3_keywords,Chapter_1_keywords
volcanic activity,Chapter_2_keywords Chapter_3_keywords,Chapter_1_keywords
human activity,Chapter_2_keywords Chapter_3_keywords,Chapter_1_keywords
AR,Chapter_2_keywords Chapter_3_keywords,Chapter_1_keywords
tropical regions,Chapter_2_keywords Chapter_3_keywords,Chapter_1_keywords
paleoclimate reconstructions,Chapter_2_keywords Chapter_3_keywords,Chapter_1_keywords
climate variables,Chapter_2_keywords Chapter_3_keywords,Chapter_1_keywords
infrastructure,Chapter_2_keywords Chapter_3_keywords,Chapter_1_keywords
climate response,Chapter_2_keywords Chapter_3_keywords,Chapter_1_keywords
scientific literature,Chapter_2_keywords Chapter_3_keywords,Chapter_1_keywords
Report,Chapter_2_keywords Chapter_3_keywords,Chapter_1_keywords
Sustainable Development Goals,Chapter_2_keywords Chapter_3_keywords,Chapter_1_keywords
WGII,Chapter_2_keywords Chapter_3_keywords,Chapter_1_keywords
IPCC Sixth Assessment Cycle,Chapter_2_keywords Chapter_3_keywords,Chapter_1_keywords
glaciers,Chapter_1_keywords Chapter_2_keywords,Chapter_3_keywords
Anthropogenic Climate Change,Chapter_2_keywords Chapter_3_keywords,Chapter_1_keywords
tipping points,Chapter_2_keywords Chapter_3_keywords,Chapter_1_keywords
Anthropocene,Chapter_2_keywords Chapter_3_keywords,Chapter_1_keywords
Biodiversity,Chapter_2_keywords Chapter_3_keywords,Chapter_1_keywords
Ecosystem Services,Chapter_2_keywords Chapter_3_keywords,Chapter_1_keywords
GHG,Chapter_2_keywords Chapter_3_keywords,Chapter_1_keywords
Greenland Ice Sheet,Chapter_1_keywords Chapter_2_keywords,Chapter_3_keywords
natural variability,Chapter_1_keywords Chapter_2_keywords,Chapter_3_keywords
ozone,Chapter_2_keywords,Chapter_1_keywords Chapter_3_keywords
food security,Chapter_2_keywords Chapter_3_keywords,Chapter_1_keywords
USA,Chapter_2_keywords Chapter_3_keywords,Chapter_1_keywords
calibrated language,Chapter_2_keywords Chapter_3_keywords,Chapter_1_keywords
expert judgment,Chapter_2_keywords Chapter_3_keywords,Chapter_1_keywords
IPCC AR6,Chapter_2_keywords Chapter_3_keywords,Chapter_1_keywords
climate impacts,Chapter_2_keywords Chapter_3_keywords,Chapter_1_keywords
Earth System Grid Federation,Chapter_2_keywords Chapter_3_keywords,Chapter_1_keywords
local knowledge,Chapter_2_keywords Chapter_3_keywords,Chapter_1_keywords
Third Assessment Report,Chapter_2_keywords Chapter_3_keywords,Chapter_1_keywords
solar irradiance,Chapter_2_keywords Chapter_3_keywords,Chapter_1_keywords
anthropogenic aerosols,Chapter_1_keywords Chapter_2_keywords,Chapter_3_keywords
CMIP3,Chapter_1_keywords Chapter_2_keywords,Chapter_3_keywords
global climate,Chapter_2_keywords Chapter_3_keywords,Chapter_1_keywords
ESM,Chapter_2_keywords Chapter_3_keywords,Chapter_1_keywords
IPCC assessment reports,Chapter_2_keywords Chapter_3_keywords,Chapter_1_keywords
Antarctic Ice Sheet,Chapter_1_keywords Chapter_3_keywords,Chapter_2_keywords
anthropogenic CO2 emissions,Chapter_2_keywords Chapter_3_keywords,Chapter_1_keywords
climate indicators,Chapter_2_keywords Chapter_3_keywords,Chapter_1_keywords
solar activity,Chapter_2_keywords Chapter_3_keywords,Chapter_1_keywords
South America,Chapter_1_keywords Chapter_3_keywords,Chapter_2_keywords
time series,Chapter_1_keywords Chapter_3_keywords,Chapter_2_keywords
climate change impacts,Chapter_2_keywords Chapter_3_keywords,Chapter_1_keywords
Uncertainty,Chapter_1_keywords Chapter_3_keywords,Chapter_2_keywords
scenario uncertainty,Chapter_2_keywords Chapter_3_keywords,Chapter_1_keywords
Pliocene,Chapter_1_keywords Chapter_3_keywords,Chapter_2_keywords
global carbon cycle,Chapter_2_keywords Chapter_3_keywords,Chapter_1_keywords
climate change research,Chapter_2_keywords Chapter_3_keywords,Chapter_1_keywords
climate policies,Chapter_2_keywords Chapter_3_keywords,Chapter_1_keywords
CDR,Chapter_2_keywords Chapter_3_keywords,Chapter_1_keywords
greenhouse gas concentrations,Chapter_2_keywords,Chapter_1_keywords Chapter_3_keywords
UK,Chapter_2_keywords Chapter_3_keywords,Chapter_1_keywords
Mastrandrea,Chapter_2_keywords Chapter_3_keywords,Chapter_1_keywords
Extreme Events,Chapter_2_keywords Chapter_3_keywords,Chapter_1_keywords
Common Era,Chapter_1_keywords Chapter_3_keywords,Chapter_2_keywords
National Academies Press,Chapter_2_keywords Chapter_3_keywords,Chapter_1_keywords
Shared Socioeconomic Pathways,Chapter_2_keywords Chapter_3_keywords,Chapter_1_keywords
GHG emissions scenario,Chapter_2_keywords Chapter_3_keywords,Chapter_1_keywords
Holocene,Chapter_1_keywords Chapter_3_keywords,Chapter_2_keywords
Paleoceanography,Chapter_1_keywords Chapter_3_keywords,Chapter_2_keywords
ERF,Chapter_1_keywords Chapter_3_keywords,Chapter_2_keywords
MPWP,Chapter_1_keywords Chapter_3_keywords,Chapter_2_keywords
LGM,Chapter_1_keywords Chapter_3_keywords,Chapter_2_keywords
SROCC,Chapter_1_keywords Chapter_3_keywords,Chapter_2_keywords
LIG,Chapter_1_keywords Chapter_3_keywords,Chapter_2_keywords
ENSO,Chapter_1_keywords,Chapter_2_keywords Chapter_3_keywords
NH,Chapter_1_keywords Chapter_3_keywords,Chapter_2_keywords
global ocean,Chapter_1_keywords Chapter_3_keywords,Chapter_2_keywords
North America,Chapter_1_keywords Chapter_3_keywords,Chapter_2_keywords
interannual variability,Chapter_1_keywords Chapter_3_keywords,Chapter_2_keywords
North Atlantic,Chapter_1_keywords Chapter_3_keywords,Chapter_2_keywords
proxy records,Chapter_1_keywords Chapter_3_keywords,Chapter_2_keywords
instrumental period,Chapter_1_keywords Chapter_3_keywords,Chapter_2_keywords
Permafrost,Chapter_1_keywords Chapter_3_keywords,Chapter_2_keywords
AIS,Chapter_1_keywords Chapter_3_keywords,Chapter_2_keywords
PETM,Chapter_1_keywords Chapter_3_keywords,Chapter_2_keywords
lower stratosphere,Chapter_1_keywords Chapter_3_keywords,Chapter_2_keywords
Southern Ocean,Chapter_1_keywords Chapter_2_keywords,Chapter_3_keywords
permafrost,Chapter_1_keywords Chapter_3_keywords,Chapter_2_keywords
Arctic sea ice,Chapter_1_keywords,Chapter_2_keywords Chapter_3_keywords
LDT,Chapter_1_keywords Chapter_3_keywords,Chapter_2_keywords
decadal variability,Chapter_1_keywords Chapter_3_keywords,Chapter_2_keywords
satellite observations,Chapter_1_keywords Chapter_3_keywords,Chapter_2_keywords
low confidence,Chapter_1_keywords Chapter_3_keywords,Chapter_2_keywords
TSI,Chapter_1_keywords Chapter_3_keywords,Chapter_2_keywords
GrIS,Chapter_1_keywords Chapter_3_keywords,Chapter_2_keywords
teleconnections,Chapter_1_keywords Chapter_2_keywords,Chapter_3_keywords
ice cores,Chapter_1_keywords Chapter_3_keywords,Chapter_2_keywords
tropics,Chapter_1_keywords Chapter_3_keywords,Chapter_2_keywords
Walker circulation,Chapter_1_keywords,Chapter_2_keywords Chapter_3_keywords
Africa,Chapter_1_keywords Chapter_3_keywords,Chapter_2_keywords
Qu,Chapter_1_keywords Chapter_3_keywords,Chapter_2_keywords
Global Change Biology,Chapter_1_keywords Chapter_3_keywords,Chapter_2_keywords
Hadley circulation,Chapter_1_keywords Chapter_3_keywords,Chapter_2_keywords
instrumental record,Chapter_1_keywords Chapter_3_keywords,Chapter_2_keywords
hydrological cycle,Chapter_1_keywords Chapter_3_keywords,Chapter_2_keywords
AMM,Chapter_1_keywords Chapter_3_keywords,Chapter_2_keywords
SWV,Chapter_1_keywords Chapter_3_keywords,Chapter_2_keywords
MODIS,Chapter_1_keywords Chapter_3_keywords,Chapter_2_keywords
OLS regression,Chapter_1_keywords Chapter_3_keywords,Chapter_2_keywords
seasonality,Chapter_1_keywords,Chapter_2_keywords Chapter_3_keywords
sea surface temperature,Chapter_1_keywords,Chapter_2_keywords Chapter_3_keywords
SST,Chapter_1_keywords,Chapter_2_keywords Chapter_3_keywords
Southern Hemisphere,Chapter_1_keywords Chapter_2_keywords,Chapter_3_keywords
Arctic Ocean,Chapter_1_keywords Chapter_3_keywords,Chapter_2_keywords
deglaciation,Chapter_1_keywords Chapter_3_keywords,Chapter_2_keywords
North Atlantic Ocean,Chapter_1_keywords Chapter_3_keywords,Chapter_2_keywords
AMV,Chapter_1_keywords Chapter_2_keywords,Chapter_3_keywords
India,Chapter_1_keywords Chapter_3_keywords,Chapter_2_keywords
tropospheric ozone,Chapter_1_keywords Chapter_3_keywords,Chapter_2_keywords
upper troposphere,Chapter_1_keywords,Chapter_2_keywords Chapter_3_keywords
seasonal cycle,Chapter_1_keywords Chapter_2_keywords,Chapter_3_keywords
polar regions,Chapter_1_keywords Chapter_3_keywords,Chapter_2_keywords
Medieval Climate Anomaly,Chapter_1_keywords Chapter_3_keywords,Chapter_2_keywords
Time series,Chapter_1_keywords,Chapter_2_keywords Chapter_3_keywords
proxies,Chapter_1_keywords Chapter_3_keywords,Chapter_2_keywords
EECO,Chapter_1_keywords Chapter_3_keywords,Chapter_2_keywords
El Niño events,Chapter_1_keywords Chapter_3_keywords,Chapter_2_keywords
AZM,Chapter_1_keywords Chapter_3_keywords,Chapter_2_keywords
surface temperatures,Chapter_1_keywords Chapter_3_keywords,Chapter_2_keywords
poleward shift,Chapter_1_keywords Chapter_3_keywords,Chapter_2_keywords
ENSO activity,Chapter_1_keywords Chapter_3_keywords,Chapter_2_keywords
South Atlantic,Chapter_1_keywords Chapter_3_keywords,Chapter_2_keywords
SIA,Chapter_1_keywords Chapter_3_keywords,Chapter_2_keywords
ocean,Chapter_1_keywords Chapter_3_keywords,Chapter_2_keywords
Pacific Decadal Oscillation,Chapter_1_keywords Chapter_3_keywords,Chapter_2_keywords
land areas,Chapter_1_keywords Chapter_3_keywords,Chapter_2_keywords
mass loss,Chapter_1_keywords Chapter_3_keywords,Chapter_2_keywords
Last Interglacial,Chapter_1_keywords,Chapter_2_keywords Chapter_3_keywords
marine organisms,Chapter_1_keywords Chapter_3_keywords,Chapter_2_keywords
phenological metrics,Chapter_1_keywords Chapter_3_keywords,Chapter_2_keywords
growing season,Chapter_1_keywords Chapter_3_keywords,Chapter_2_keywords
Southern Annular Mode,Chapter_1_keywords Chapter_2_keywords,Chapter_3_keywords
CE,Chapter_1_keywords Chapter_3_keywords,Chapter_2_keywords
IOD,Chapter_1_keywords Chapter_3_keywords,Chapter_2_keywords
spatial coverage,Chapter_1_keywords Chapter_3_keywords,Chapter_2_keywords
datasets,Chapter_1_keywords Chapter_3_keywords,Chapter_2_keywords
relative humidity,Chapter_1_keywords Chapter_3_keywords,Chapter_2_keywords
United States,Chapter_1_keywords Chapter_3_keywords,Chapter_2_keywords
ALT,Chapter_1_keywords Chapter_3_keywords,Chapter_2_keywords
OHC,Chapter_1_keywords Chapter_3_keywords,Chapter_2_keywords
GMSL change,Chapter_1_keywords Chapter_3_keywords,Chapter_2_keywords
Global Biogeochemical Cycles,Chapter_1_keywords,Chapter_2_keywords Chapter_3_keywords
Nature,Chapter_1_keywords Chapter_3_keywords,Chapter_2_keywords
last,Chapter_1_keywords Chapter_3_keywords,Chapter_2_keywords
interglacial periods,Chapter_1_keywords Chapter_3_keywords,Chapter_2_keywords
1750,Chapter_1_keywords Chapter_3_keywords,Chapter_2_keywords
stratosphere,Chapter_1_keywords,Chapter_2_keywords Chapter_3_keywords
tropopause height,Chapter_1_keywords Chapter_3_keywords,Chapter_2_keywords
global hydrological cycle,Chapter_1_keywords Chapter_3_keywords,Chapter_2_keywords
decadal means,Chapter_1_keywords Chapter_3_keywords,Chapter_2_keywords
ocean interior,Chapter_1_keywords Chapter_3_keywords,Chapter_2_keywords
phytoplankton,Chapter_1_keywords Chapter_3_keywords,Chapter_2_keywords
monsoon systems,Chapter_1_keywords Chapter_3_keywords,Chapter_2_keywords
atmospheric CO2,Chapter_1_keywords Chapter_3_keywords,Chapter_2_keywords
Little Ice Age,Chapter_1_keywords Chapter_3_keywords,Chapter_2_keywords
marine sediments,Chapter_1_keywords Chapter_3_keywords,Chapter_2_keywords
ice core records,Chapter_1_keywords Chapter_3_keywords,Chapter_2_keywords
Ozone Depletion,Chapter_1_keywords Chapter_3_keywords,Chapter_2_keywords
Russia,Chapter_1_keywords Chapter_3_keywords,Chapter_2_keywords
albedo,Chapter_1_keywords Chapter_3_keywords,Chapter_2_keywords
data coverage,Chapter_1_keywords Chapter_3_keywords,Chapter_2_keywords
New Zealand,Chapter_1_keywords Chapter_3_keywords,Chapter_2_keywords
TCWV,Chapter_1_keywords Chapter_3_keywords,Chapter_2_keywords
ITCZ,Chapter_1_keywords Chapter_3_keywords,Chapter_2_keywords
Indian Ocean,Chapter_1_keywords Chapter_2_keywords,Chapter_3_keywords
extratropical cyclones,Chapter_1_keywords Chapter_3_keywords,Chapter_2_keywords
North Pacific,Chapter_1_keywords,Chapter_2_keywords Chapter_3_keywords
NMAT,Chapter_1_keywords Chapter_3_keywords,Chapter_2_keywords
ice sheet,Chapter_1_keywords Chapter_3_keywords,Chapter_2_keywords
lake sediments,Chapter_1_keywords Chapter_3_keywords,Chapter_2_keywords
El Niño,Chapter_1_keywords Chapter_3_keywords,Chapter_2_keywords
ENSO variability,Chapter_1_keywords,Chapter_2_keywords Chapter_3_keywords
North Atlantic Oscillation,Chapter_1_keywords Chapter_2_keywords,Chapter_3_keywords
tree rings,Chapter_1_keywords Chapter_3_keywords,Chapter_2_keywords
IOB,Chapter_1_keywords Chapter_3_keywords,Chapter_2_keywords
North Atlantic climate,Chapter_1_keywords Chapter_3_keywords,Chapter_2_keywords
Global Ozone,Chapter_1_keywords Chapter_3_keywords,Chapter_2_keywords
Oceanography,Chapter_1_keywords Chapter_3_keywords,Chapter_2_keywords
PMIP4,Chapter_1_keywords Chapter_2_keywords,Chapter_3_keywords
interglacial,Chapter_1_keywords Chapter_3_keywords,Chapter_2_keywords
satellite era,Chapter_1_keywords,Chapter_2_keywords Chapter_3_keywords
surface open ocean pH,Chapter_1_keywords Chapter_3_keywords,Chapter_2_keywords
chlorophyll concentration,Chapter_1_keywords Chapter_3_keywords,Chapter_2_keywords
CO2 concentration,Chapter_1_keywords Chapter_3_keywords,Chapter_2_keywords
insolation,Chapter_1_keywords Chapter_3_keywords,Chapter_2_keywords
glacier ice,Chapter_1_keywords Chapter_3_keywords,Chapter_2_keywords
Uncertainties,Chapter_1_keywords Chapter_3_keywords,Chapter_2_keywords
CSIRO,Chapter_1_keywords Chapter_3_keywords,Chapter_2_keywords
satellite data,Chapter_1_keywords,Chapter_2_keywords Chapter_3_keywords
deforestation,Chapter_1_keywords Chapter_3_keywords,Chapter_2_keywords
CMIP5 models,Chapter_1_keywords Chapter_2_keywords,Chapter_3_keywords
SST anomalies,Chapter_1_keywords Chapter_2_keywords,Chapter_3_keywords
interglacial period,Chapter_1_keywords Chapter_3_keywords,Chapter_2_keywords
interpolation,Chapter_1_keywords Chapter_3_keywords,Chapter_2_keywords
high latitudes,Chapter_1_keywords Chapter_3_keywords,Chapter_2_keywords
observational datasets,Chapter_1_keywords Chapter_2_keywords,Chapter_3_keywords
evaporation,Chapter_1_keywords Chapter_3_keywords,Chapter_2_keywords
austral summer,Chapter_1_keywords Chapter_2_keywords,Chapter_3_keywords
subpolar North Atlantic,Chapter_1_keywords Chapter_3_keywords,Chapter_2_keywords
Ross Sea,Chapter_1_keywords Chapter_3_keywords,Chapter_2_keywords
Antarctic sea ice,Chapter_1_keywords,Chapter_2_keywords Chapter_3_keywords
East Antarctica,Chapter_1_keywords Chapter_3_keywords,Chapter_2_keywords
permafrost temperatures,Chapter_1_keywords Chapter_3_keywords,Chapter_2_keywords
Gulf Stream,Chapter_1_keywords Chapter_3_keywords,Chapter_2_keywords
marine primary production,Chapter_1_keywords Chapter_3_keywords,Chapter_2_keywords
climate warming,Chapter_1_keywords Chapter_3_keywords,Chapter_2_keywords
ENSO amplitude,Chapter_1_keywords Chapter_3_keywords,Chapter_2_keywords
Walker Circulation,Chapter_1_keywords Chapter_3_keywords,Chapter_2_keywords
Hydrology,Chapter_1_keywords Chapter_3_keywords,Chapter_2_keywords
Periglacial Processes,Chapter_1_keywords Chapter_3_keywords,Chapter_2_keywords
CMIP6 models,Chapter_1_keywords Chapter_2_keywords,Chapter_3_keywords
table,Chapter_1_keywords Chapter_2_keywords,Chapter_3_keywords
PDV,Chapter_1_keywords Chapter_2_keywords,Chapter_3_keywords
greenhouse gas forcing,Chapter_1_keywords Chapter_2_keywords,Chapter_3_keywords
anthropogenic influence,Chapter_1_keywords Chapter_2_keywords,Chapter_3_keywords
CMIP5 simulations,Chapter_1_keywords Chapter_2_keywords,Chapter_3_keywords
anthropogenic forcings,Chapter_1_keywords Chapter_2_keywords,Chapter_3_keywords
biases,Chapter_1_keywords Chapter_2_keywords,Chapter_3_keywords
mean state,Chapter_1_keywords Chapter_2_keywords,Chapter_3_keywords
CMIP6 simulations,Chapter_1_keywords Chapter_2_keywords,Chapter_3_keywords
CMIP5 Models,Chapter_1_keywords Chapter_2_keywords,Chapter_3_keywords
Atlantic Multidecadal Variability,Chapter_1_keywords Chapter_2_keywords,Chapter_3_keywords
natural forcing,Chapter_1_keywords Chapter_2_keywords,Chapter_3_keywords
CO2 fertilization,Chapter_1_keywords Chapter_2_keywords,Chapter_3_keywords
model performance,Chapter_1_keywords Chapter_2_keywords,Chapter_3_keywords
ensemble members,Chapter_1_keywords Chapter_2_keywords,Chapter_3_keywords
greenhouse gas increases,Chapter_1_keywords Chapter_2_keywords,Chapter_3_keywords
Arctic sea ice loss,Chapter_1_keywords Chapter_2_keywords,Chapter_3_keywords
ozone depletion,Chapter_1_keywords Chapter_2_keywords,Chapter_3_keywords
external forcing,Chapter_1_keywords Chapter_2_keywords,Chapter_3_keywords
global monsoon,Chapter_1_keywords Chapter_2_keywords,Chapter_3_keywords
Pacific Decadal Variability,Chapter_1_keywords Chapter_2_keywords,Chapter_3_keywords
surface temperature,Chapter_1_keywords Chapter_2_keywords,Chapter_3_keywords
HighResMIP models,Chapter_1_keywords Chapter_2_keywords,Chapter_3_keywords
observational uncertainty,Chapter_1_keywords Chapter_2_keywords,Chapter_3_keywords
stratospheric ozone depletion,Chapter_1_keywords Chapter_2_keywords,Chapter_3_keywords
CM,Chapter_1_keywords Chapter_2_keywords,Chapter_3_keywords
simulations,Chapter_1_keywords Chapter_2_keywords,Chapter_3_keywords
aerosol forcing,Chapter_1_keywords Chapter_2_keywords,Chapter_3_keywords
natural forcings,Chapter_1_keywords Chapter_2_keywords,Chapter_3_keywords
boreal winter,Chapter_1_keywords Chapter_2_keywords,Chapter_3_keywords
confidence interval,Chapter_1_keywords Chapter_2_keywords,Chapter_3_keywords
forcing,Chapter_1_keywords Chapter_2_keywords,Chapter_3_keywords
HighResMIP,Chapter_1_keywords Chapter_2_keywords,Chapter_3_keywords
climatology,Chapter_1_keywords Chapter_2_keywords,Chapter_3_keywords
variability threshold,Chapter_1_keywords Chapter_2_keywords,Chapter_3_keywords
models,Chapter_1_keywords Chapter_2_keywords,Chapter_3_keywords
standard deviation,Chapter_1_keywords Chapter_2_keywords,Chapter_3_keywords
orbital forcing,Chapter_1_keywords Chapter_2_keywords,Chapter_3_keywords
greenhouse gas,Chapter_1_keywords Chapter_2_keywords,Chapter_3_keywords
observational uncertainties,Chapter_1_keywords Chapter_2_keywords,Chapter_3_keywords
CMIP5 climate models,Chapter_1_keywords Chapter_2_keywords,Chapter_3_keywords
Ocean Modelling,Chapter_1_keywords Chapter_2_keywords,Chapter_3_keywords
spatial structure,Chapter_1_keywords Chapter_2_keywords,Chapter_3_keywords
internal climate variability,Chapter_1_keywords Chapter_2_keywords,Chapter_3_keywords
observational estimates,Chapter_1_keywords Chapter_2_keywords,Chapter_3_keywords
attribution studies,Chapter_1_keywords Chapter_2_keywords,Chapter_3_keywords
individual models,Chapter_1_keywords Chapter_2_keywords,Chapter_3_keywords
anthropogenic warming,Chapter_1_keywords Chapter_2_keywords,Chapter_3_keywords
temperature extremes,Chapter_1_keywords Chapter_2_keywords,Chapter_3_keywords
SST biases,Chapter_1_keywords Chapter_2_keywords,Chapter_3_keywords
Atlantic Multidecadal Oscillation,Chapter_1_keywords Chapter_2_keywords,Chapter_3_keywords
coupled models,Chapter_1_keywords Chapter_2_keywords,Chapter_3_keywords
ensemble size,Chapter_1_keywords Chapter_2_keywords,Chapter_3_keywords
external forcings,Chapter_1_keywords Chapter_2_keywords,Chapter_3_keywords
surface air temperature,Chapter_1_keywords Chapter_2_keywords,Chapter_3_keywords
forced response,Chapter_1_keywords Chapter_2_keywords,Chapter_3_keywords
robust signal,Chapter_1_keywords Chapter_2_keywords,Chapter_3_keywords
HadCRUT5,Chapter_1_keywords Chapter_2_keywords,Chapter_3_keywords
GSAT warming,Chapter_1_keywords Chapter_2_keywords,Chapter_3_keywords
volcanic forcing,Chapter_1_keywords Chapter_2_keywords,Chapter_3_keywords
simulated trends,Chapter_1_keywords Chapter_2_keywords,Chapter_3_keywords
ocean heat uptake,Chapter_1_keywords Chapter_2_keywords,Chapter_3_keywords
whiskers,Chapter_1_keywords Chapter_2_keywords,Chapter_3_keywords
mean temperature,Chapter_1_keywords Chapter_2_keywords,Chapter_3_keywords
global,Chapter_1_keywords Chapter_2_keywords,Chapter_3_keywords
carbon uptake,Chapter_1_keywords Chapter_2_keywords,Chapter_3_keywords
warm bias,Chapter_1_keywords Chapter_2_keywords,Chapter_3_keywords
ACC,Chapter_1_keywords Chapter_2_keywords,Chapter_3_keywords
NAO,Chapter_1_keywords Chapter_2_keywords,Chapter_3_keywords
IOB mode,Chapter_1_keywords Chapter_2_keywords,Chapter_3_keywords
tropical Atlantic,Chapter_1_keywords Chapter_2_keywords,Chapter_3_keywords
Internal Variability,Chapter_1_keywords Chapter_2_keywords,Chapter_3_keywords
Interdecadal Pacific Oscillation,Chapter_1_keywords Chapter_2_keywords,Chapter_3_keywords
tropospheric warming,Chapter_1_keywords Chapter_2_keywords,Chapter_3_keywords
CMIP6 historical simulations,Chapter_1_keywords Chapter_2_keywords,Chapter_3_keywords
extreme precipitation,Chapter_1_keywords Chapter_2_keywords,Chapter_3_keywords
anthropogenic contribution,Chapter_1_keywords Chapter_2_keywords,Chapter_3_keywords
upper ocean,Chapter_1_keywords Chapter_2_keywords,Chapter_3_keywords
Climate Variability,Chapter_1_keywords Chapter_2_keywords,Chapter_3_keywords
Human influence,Chapter_1_keywords Chapter_2_keywords,Chapter_3_keywords
regression coefficients,Chapter_1_keywords Chapter_2_keywords,Chapter_3_keywords
horizontal resolution,Chapter_1_keywords Chapter_2_keywords,Chapter_3_keywords
observational products,Chapter_1_keywords Chapter_2_keywords,Chapter_3_keywords
historical simulations,Chapter_1_keywords Chapter_2_keywords,Chapter_3_keywords
stratospheric ozone,Chapter_1_keywords Chapter_2_keywords,Chapter_3_keywords
GMST trends,Chapter_1_keywords Chapter_2_keywords,Chapter_3_keywords
rainfall,Chapter_1_keywords Chapter_2_keywords,Chapter_3_keywords
tropical Pacific,Chapter_1_keywords Chapter_2_keywords,Chapter_3_keywords
CMIP3 models,Chapter_1_keywords Chapter_2_keywords,Chapter_3_keywords
interquartile ranges,Chapter_1_keywords Chapter_2_keywords,Chapter_3_keywords
anthropogenic aerosol forcing,Chapter_1_keywords Chapter_2_keywords,Chapter_3_keywords
model resolution,Chapter_1_keywords Chapter_2_keywords,Chapter_3_keywords
partial pressure,Chapter_1_keywords Chapter_2_keywords,Chapter_3_keywords
NAM,Chapter_1_keywords Chapter_2_keywords,Chapter_3_keywords
teleconnection,Chapter_1_keywords Chapter_2_keywords,Chapter_3_keywords
Human Influence,Chapter_1_keywords Chapter_2_keywords,Chapter_3_keywords
mean,Chapter_1_keywords Chapter_2_keywords,Chapter_3_keywords
Internal variability,Chapter_1_keywords Chapter_2_keywords,Chapter_3_keywords
Pacific Walker circulation,Chapter_1_keywords Chapter_2_keywords,Chapter_3_keywords
global climate models,Chapter_1_keywords Chapter_2_keywords,Chapter_3_keywords
ocean heat content increase,Chapter_1_keywords Chapter_2_keywords,Chapter_3_keywords
land management,Chapter_1_keywords Chapter_2_keywords,Chapter_3_keywords
Northern Annular Mode,Chapter_1_keywords Chapter_2_keywords,Chapter_3_keywords
storm track,Chapter_1_keywords Chapter_2_keywords,Chapter_3_keywords
detection,Chapter_1_keywords Chapter_2_keywords,Chapter_3_keywords
temperature proxies,Chapter_1_keywords Chapter_2_keywords,Chapter_3_keywords
temperature reconstructions,Chapter_1_keywords Chapter_2_keywords,Chapter_3_keywords
GSAT changes,Chapter_1_keywords Chapter_2_keywords,Chapter_3_keywords
equatorial Pacific,Chapter_1_keywords Chapter_2_keywords,Chapter_3_keywords
proxy reconstructions,Chapter_1_keywords Chapter_2_keywords,Chapter_3_keywords
aerosol influence,Chapter_1_keywords Chapter_2_keywords,Chapter_3_keywords
hot extremes,Chapter_1_keywords Chapter_2_keywords,Chapter_3_keywords
subtropics,Chapter_1_keywords Chapter_2_keywords,Chapter_3_keywords
CMIP models,Chapter_1_keywords Chapter_2_keywords,Chapter_3_keywords
model errors,Chapter_1_keywords Chapter_2_keywords,Chapter_3_keywords
streamflow,Chapter_1_keywords Chapter_2_keywords,Chapter_3_keywords
AMIP simulations,Chapter_1_keywords Chapter_2_keywords,Chapter_3_keywords
global monsoon precipitation,Chapter_1_keywords Chapter_2_keywords,Chapter_3_keywords
Pacific,Chapter_1_keywords Chapter_2_keywords,Chapter_3_keywords
blocking frequency,Chapter_1_keywords Chapter_2_keywords,Chapter_3_keywords
SSWs,Chapter_1_keywords Chapter_2_keywords,Chapter_3_keywords
large ensemble simulations,Chapter_1_keywords Chapter_2_keywords,Chapter_3_keywords
surface mass balance,Chapter_1_keywords Chapter_2_keywords,Chapter_3_keywords
salinity,Chapter_1_keywords Chapter_2_keywords,Chapter_3_keywords
Atlantic Ocean,Chapter_1_keywords Chapter_2_keywords,Chapter_3_keywords
coupled climate models,Chapter_1_keywords Chapter_2_keywords,Chapter_3_keywords
model biases,Chapter_1_keywords Chapter_2_keywords,Chapter_3_keywords
leaf area index,Chapter_1_keywords Chapter_2_keywords,Chapter_3_keywords
SAM,Chapter_1_keywords Chapter_2_keywords,Chapter_3_keywords
summertime SAM,Chapter_1_keywords Chapter_2_keywords,Chapter_3_keywords
ENSO index,Chapter_1_keywords Chapter_2_keywords,Chapter_3_keywords
Atlantic Niño,Chapter_1_keywords Chapter_2_keywords,Chapter_3_keywords
global warming hiatus,Chapter_1_keywords Chapter_2_keywords,Chapter_3_keywords
Atlantic multidecadal variability,Chapter_1_keywords Chapter_2_keywords,Chapter_3_keywords
Global Monsoon,Chapter_1_keywords Chapter_2_keywords,Chapter_3_keywords
Atlantic meridional overturning circulation,Chapter_1_keywords Chapter_2_keywords,Chapter_3_keywords
Anthropogenic Aerosols,Chapter_1_keywords Chapter_2_keywords,Chapter_3_keywords
Earth System Model,Chapter_1_keywords Chapter_2_keywords,Chapter_3_keywords
Zwiers,Chapter_1_keywords Chapter_2_keywords,Chapter_3_keywords
Antarctic Sea Ice,Chapter_1_keywords Chapter_2_keywords,Chapter_3_keywords
